dataset,item_code,fao_item,owid_item,fao_item_description,owid_item_description
faostat_qcl,00000221,"Almonds, in shell",Almonds,"Almonds, in shell This subclass is defined through the following headings/subheadings of the HS 2007: 0802.11.",
faostat_fbsc,00002946,Animal fats,Animal fats group,,
faostat_qcl,00000711,"Anise, badian, coriander, cumin, caraway, fennel and juniper berries, raw",Herbs (e.g. fennel),"Anise, badian, coriander, cumin, caraway, fennel and juniper berries, raw This subclass includes: - aniseed, Pimpinella anisum, raw - star anise (badian) or Chinese star anise, Illicium verum, raw - fennel, Foeniculum vulgare, raw (when used as spice) - coriander (cilantro), Coriandrum sativum, raw - cumin, Cuminum cyminum, raw - caraway seeds, Carum carvi, raw -  juniper berries, Juniperus communis, raw This subclass does not include: - fennel (when used as a vegetable), cf. 01290 -  processed anise, fennel, coriander, cumin, caraway and juniper berries, cf. 23924",
faostat_qcl,00000515,Apples,,Apples This subclass is defined through the following headings/subheadings of the HS 2007: 0808.10.,
faostat_fbsc,00002617,Apples and products,Apples,"Default composition: 515 Apples, 518 Juice, apple, single strength, 519 Juice, apple, concentrated",
faostat_qcl,00000526,Apricots,,Apricots This subclass is defined through the following headings/subheadings of the HS 2007: 0809.10.,
faostat_qcl,00000226,Areca nuts,,"Areca nuts, species of Areca catechu, also known as betel nut, in shell, produced mainly in the Far East. Areca nuts are used mainly as masticatory. These nuts contain alkaloids (arecoline and arecaidine). (Unofficial definition)",
faostat_qcl,00000366,Artichokes,,"Artichokes This subclass includes: -  artichokes, Cynara scolymus This subclass does not include: -  Jerusalem artichokes, cf. 01599",
faostat_qcl,00000367,Asparagus,,Asparagus This subclass is defined through the following headings/subheadings of the HS 2007: 0709.20.,
faostat_qcl,00000572,Avocados,,"Avocados This subclass includes: - avocados, Persea americana",
faostat_qcl,00000486,Bananas,,"Bananas This subclass includes: - sweet/dessert bananas, Musa sapientum, M. cavendishii, M. nana, i.e. bananas that can be eaten without further preparation This subclass does not include: -  plantains, cooking bananas, Musa paradisiaca, cf. 01313",
faostat_fbsc,00002615,Bananas,,Default composition: 486 Bananas,
faostat_qcl,00000044,Barley,,Barley,
faostat_fbsc,00002513,Barley and products,Barley,"Default composition: 44 Barley, 45 Barley, pot, 46 Barley, pearled, 47 Bran, barley, 48 Flour, barley and grits, 49 Malt, 50 Malt extract",
faostat_fbsc,00002546,Beans,"Beans, dry","Default composition: 176 Beans, dry",
faostat_qcl,00000176,"Beans, dry",,"Beans, dry This subclass includes: -  beans, species of Phaseolus (vulgaris, lunatus, angularis, aureus, etc.) -  beans, species of Vigna (angularis, mungo, radiata, unguiculata, etc.) This subclass does not include: - soya beans, cf. 0141 - green beans, cf. 01241 - lentils, green, cf. 01249 -  bean shoots and sprouts, cf. 01290 - locust beans (carobs), cf. 01356 - castor beans, cf. 01449 -  broad beans and horse beans, dry, cf. 01702 - garbanzo beans (chickpeas), dry, cf. 01703 - lentils, dry, cf. 01704",
faostat_qcl,00001806,"Beef and Buffalo Meat, primary","Meat, beef and buffalo","The term ""LIVESTOCK"" is used in a broad sense to cover all grown animals regardless of age, location or purpose of breeding. Non-domesticated animals are excluded under this definition unless they are kept or raised in captivity. Domestic animals included are large and small quadrupeds, poultry, insects (bees) and larvae of insects (silkworms). Figures on livestock numbers should refer to live animals enumerated on a given day or on several consecutive days. The FAO practice is that figures for an indicated year relate to animals reported by countries for any day between October of the previous year and September of the year indicated. Statistics on live animals by age, sex and utilization generally are not included in the list that follows, even though such breakdowns are extremely desirable in terms of national statistics. For each animal species FAO proposes that information be maintained on changes in national herds during the year according to the following equation: initial herd + animals born + imports of live animals - exports of live animals - natural losses - slaughter = closing herd.FAO defines meat as the flesh of animals used for food. In production data, meat is normally reported inclusive of bone and exclusive of meat that is unfit for human consumption. As reported by individual countries, meat production data may refer either to commercial production (meat entering marketing channels), inspected production (from animals slaughtered under sanitary inspection), or total production (the total of the above- mentioned categories plus slaughter for personal consumption). All FAO annual production data refer to total production.Country statistics on meat production adhere to one or more of the following concepts: 1. Live weight: the weight of the animal immediately before slaughter. 2. Killed weight: the live weight less the uncollected blood lost during slaughter. 3. Dressed carcass weight: weight minus all parts - edible and inedible - that are removed in dressing the carcass. The concept varies widely from country to country and according to the various species of livestock. Edible parts generally include edible offals (head or head meat, tongue, brains, heart, liver, spleen, stomach or tripes and, in a few countries, other parts such as feet, throat and lungs. Slaughter fats (the unrendered fats that fall in the course of dressing the carcasses) are recorded as either edible or inedible according to country practice. Inedible parts generally include hides and skins (except in the case of pigs), as well as hoofs and stomach contents.Among individual countries, one of the following three concepts issued to measure production:A. Production from all animals, of both indigenous and foreign origin, that are slaughtered within national boundaries. B. Production from the slaughter of indigenous animals plus exports of live indigenous animals during the reference period. Derived from meat production as follows: production from slaughtered animals plus the meat equivalent of all animals exported alive, minus the meat equivalent of all animals imported alive. As imports/exports of live animals are recorded by FAO in numbers, not weight, animal type and size are of significance. C. The biological production concept covers indigenous animals that are either slaughtered or exported live, plus net additions to the stock during the reference period. Derived from indigenous productions follows: indigenous production plus (or minus) the meat equivalent of the change in the stock numbers during the reference period. Production is expressed in terms of live weight. Changes in the total live weight of all animals are not taken into account.FAO uses the first concept of meat production in the construction of its food balance sheets and for related indicators. The second concept, indigenous meat production, in measuring the output of the national livestock sector, is useful mainly in the construction of index numbers of agricultural production. The third concept, biological production, would be the most complete as it also reflects changes in the livestock herd, but it is not used because of difficulties in obtaining information from national reporting offices. The prices applied to indigenous meat production are derived from prices of live animals. This covers not only the value of meat, but also the value of offals, fats, hides and skins.Beef and Veal, Dried, Salted, Smok Meat of bovine animals, whether salted, in brine, dried or smoked. Includes edible flours and meals.Beef and Veal Preparations nes Meat and offal (o/t liver) that are boiled, steamed, grilled, fried, roasted or otherwise cooked. Includes prepared meals that contain more than 20% of meat and offal by weight.BUFFALO MEAT Fresh, chilled or frozen, with bone in or boneless.OFFALS OF BUFFALO, EDIBLE Fresh, chilled or frozen.",
faostat_qcl,00001183,Beeswax,,"The substance bees use to build the hexagonal cells of the combs of beehives. Includes other insect waxes as well, i.e. lac and Chinese wax.	 (Unofficial definition)",
faostat_qcl,00000552,Blueberries,,"This subclass includes blueberries, species of Vaccinium myrtillus (European blueberry, wild bilberry, whortleberry) andVaccinium corymbosum (American blueberry) (Unofficial definition)",
faostat_fbsc,00002731,Bovine Meat,"Meat, beef","Default composition: 867 Meat, cattle, 870 Meat, cattle, boneless (beef & veal), 872 Meat, beef, dried, salted, smoked, 873 Meat, extracts, 874 Meat, beef and veal sausages, 875 Meat, beef, preparations, 876 Meat, beef, canned, 877 Meat, homogenized preparations, 947 Meat, buffalo",
faostat_qcl,00000216,"Brazil nuts, in shell","Brazil nuts, with shell","Brazil nuts, in shell This subclass is defined through the following headings/subheadings of the HS 2007: 0801.21.",
faostat_qcl,00000181,"Broad beans and horse beans, dry",Broad beans,"Broad beans and horse beans, dry This subclass is defined through the following headings/subheadings of the HS 2007: 0713.50.",
faostat_qcl,00000089,Buckwheat,,Buckwheat This subclass is defined through the following headings/subheadings of the HS 2007: 1008.10.,
faostat_qcl,00000949,"Buffalo fat, unrendered","Fat, buffaloes","Buffalo fat, unrendered This subclass includes: - fat from buffalos, animals of subclass 02112, unrendered This subclass does not include: -  tallow, fat from buffalos, rendered, cf. 21523 -  marrow, bone or foot oil and their fractions, from buffalo, cf. 21529",
faostat_fbsc,00002740,"Butter, Ghee",Butter and ghee,"Default composition: 886 Butter, cow milk, 887 Ghee, butteroil of cow milk, 952 Butter, buffalo milk, 953 Ghee, of buffalo milk, 983 Butter and ghee, sheep milk, 1022 Butter of goat mlk",
faostat_qcl,00000358,Cabbages,Cabbages,"Cabbages This subclass is defined through the following headings/subheadings of the HS 2007: 0704.20, .90.",
faostat_qcl,00000101,Canary seed,,Canary seed This subclass is defined through the following headings/subheadings of the HS 2007: 1008.30.,
faostat_qcl,00000568,Cantaloupes and other melons,Melon,Cantaloupes and other melons This subclass is defined through the following headings/subheadings of the HS 2007: 0807.19.,
faostat_qcl,00000426,Carrots and turnips,,Carrots and turnips This subclass is defined through the following headings/subheadings of the HS 2007: 0706.10.,
faostat_qcl,00000217,"Cashew nuts, in shell",Cashew nuts,"Cashew nuts, in shell This subclass is defined through the following headings/subheadings of the HS 2007: 0801.31.",
faostat_fbsc,00002532,Cassava and products,Cassava,"Default composition: 125 Cassava, 126 Flour, cassava, 127 Tapioca, cassava, 128 Cassava dried, 129 Starch, cassava",
faostat_qcl,00000125,"Cassava, fresh",Cassava,"Cassava, species of Manihot esculenta; Manihot utilissima (manioc, mandioca, yuca) and Manihot palmata; Manihot dulcis (yuca dulce), fresh, chilled, frozen, is a semi-permanent highly perishable tuberous crop grown in tropical and subtropical regions. Sometimes bitter and sweet cassavas are referred to as separate species, the former being M. esculenta and the latter M. palmata, but this is incorrect since the toxicity varies according to location. Cassava is the staple food in many tropical countries. It is not traded internationally in its fresh state because tubers deteriorate very rapidly. (Unofficial definition)",
faostat_qcl,00000265,Castor oil seeds,Castor oil seed,Castor oil seeds This subclass is defined through the following headings/subheadings of the HS 2007: 1207.30.,
faostat_qcl,00000869,"Cattle fat, unrendered","Fat, cattle","Cattle fat, unrendered This subclass includes: - fat from cattle, animals of subclass 02111, unrendered This subclass does not include: -  tallow, fat from cattle, rendered, cf. 21523 - greaves fat, cf. 21523 -  marrow, bone or foot oil and their fractions, from cattle, cf. 21529",
faostat_qcl,00000393,Cauliflowers and broccoli,,Cauliflowers and broccoli This subclass is defined through the following headings/subheadings of the HS 2007: 0704.10.,
faostat_qcl,00001717,"Cereals, primary",Cereals,"Cereals are generally of the gramineous family and, in the FAO concept, refer to crops harvested for dry grain only. Crops harvested green for forage, silage or grazingare classified as fodder crops. Also excluded are industrial crops, e.g. broom sorghum (Crude organic materials nes) and sweet sorghum when grown for syrup (Sugar crops nes). For international trade classifications, fresh cereals (other than sweet corn), whether or not suitable for use as fresh vegetables, are classified as cereals. Cereals are identified according to their genus. However, when two or more genera are sown and harvested as a mixture they should be classified and reported as ""mixed grains"". Production data are reported in terms of clean, dry weight of grains (12-14 percent moisture) in the form usually marketed. Rice, however, is reported in terms of paddy. Apart from moisture content and inedible substances such as cellulose, cereal grains contain, along with traces of minerals and vitamins, carbohydrates - mainly starches - (comprising 65-75 percent of their total weight), as well as proteins (6-12 percent) and fat (1-5 percent). The FAO definitions cover 17 primary cereals, of which one - white maize - is a component of maize. Each definition is listed along with its code, botanical name or names, and a short description. Cereal products derive either from the processing of grain through one or more mechanical or chemical operations, or from the processing of flour, meal or starch. Each cereal product is listed after the cereal from which it is derived.",
faostat_qcl,00001745,Cheese (All Kinds),Cheese,,
faostat_qcl,00000531,Cherries,,"This subclass includes cherries, species of Prunus avium (whiteheart cherries); Cerasus avium (mazzard, sweet cherry, morello cherries), var. duracina (hard-fleshed cherry) and var. Juliana (heart cherry). (Unofficial definition)",
faostat_qcl,00000220,"Chestnuts, in shell",Chestnut,"Chestnuts, in shell This subclass includes: - chestnuts, nuts of Castanea This subclass does not include: - Chinese water chestnuts, Eleocharis dulcis, cf. 01290 -  water chestnuts, Trapa natans, cf. 01379 - shelled chestnuts, cf. 21429 -  horse chestnuts, cf. 39120",
faostat_qcl,00000191,"Chick peas, dry",Chickpeas,"Chick peas, dry This subclass is defined through the following headings/subheadings of the HS 2007: 0713.20.",
faostat_qcl,00000689,"Chillies and peppers, dry (Capsicum spp., Pimenta spp.), raw",Chillies and peppers,"Chillies and peppers, dry (Capsicum spp., Pimenta spp.), raw This subclass includes: -  raw, dried fruits of plants of the genus Capsicum capsicum, sweet pepper chilli pepper cultivars of Capsicum annuum cayenne pepper jalapeno pepper anaheim pepperpaprika, bell pepper ancho pepperpimento -  raw, dried fruits of plants of the genus Pimenta allspice, Jamaica pepper Pimenta dioica This subclass does not include: - chillies and peppers, green, cf. 01231 - dry chillies and peppers, crushed, ground or otherwise processed, cf. 23922",
faostat_qcl,00001804,"Citrus Fruit, Total",Citrus Fruit,,
faostat_fbsc,00002633,Cocoa Beans and products,Cocoa beans,"Default composition: 661 Cocoa, beans, 662 Cocoa, paste, 665 Cocoa, powder & cake, 666 Chocolate products nes",
faostat_fbsc,00002578,Coconut Oil,Coconut oil,"Default composition: 252 Oil, coconut (copra)",
faostat_qcl,00000252,Coconut oil,Coconut oil,Coconut oil,
faostat_fbsc,00002560,Coconuts - Incl Copra,Coconuts,"Default composition: 249 Coconuts, 250 Coconuts, desiccated, 251 Copra",
faostat_qcl,00000249,"Coconuts, in shell",Coconuts,"Coconuts, in shell This subclass includes: - coconuts, Cocos nucifera, in the shell, i.e. the inner shell (endocarp) or the outer shell (mesocarp or exocarp) This subclass does not include: - shelled coconuts, cf. 21429",
faostat_qcl,00000656,"Coffee, green",,"Coffee, green This subclass is defined through the following headings/subheadings of the HS 2007: 0901.11.",
faostat_qcl,00000767,"Cotton lint, ginned",Cotton,"Gossypium spp	  Fibres from ginning seed cotton that have not been carded or combed. Trade data also include fibres that have been cleaned, bleached, dyed or rendered absorbent. (Unofficial definition)",
faostat_qcl,00000329,Cotton seed,Cottonseed,Cottonseed,
faostat_fbsc,00002559,Cottonseed,,Default composition: 329 Cottonseed,
faostat_fbsc,00002575,Cottonseed Oil,Cottonseed oil,"Default composition: 331 Oil, cottonseed",
faostat_qcl,00000331,Cottonseed oil,Cottonseed oil,Cottonseed oil,
faostat_qcl,00000195,"Cow peas, dry",Cow peas,"Cow peas, dry This subclass is defined through the following headings/subheadings of the HS 2007: 0713.35.",
faostat_qcl,00000554,Cranberries,,"This subclass includes cranberries, species of Vaccinium macrocarpon (American cranberry) and Vaccinium oxycoccus (European cranberry). (Unofficial definition)",
faostat_qcl,00000397,Cucumbers and gherkins,,Cucumbers and gherkins This subclass is defined through the following headings/subheadings of the HS 2007: 0707.,
faostat_qcl,00000550,Currants,,"Currants, species of Ribes nigrum (Black) and Ribes rubrum (red and white). (Unofficial definition)",
faostat_fbsc,00002619,Dates,,Default composition: 577 Dates,
faostat_qcl,00000577,Dates,,"Dates This subclass includes: - dates, fruit of the date palm, Phoenix dactylifera",
faostat_qcl,00000948,"Edible offal of buffalo, fresh, chilled or frozen","Offals, buffaloes","Edible offal of buffalo, fresh, chilled or frozen This subclass includes: - edible offal of buffalo, animals of subclass 02112, fresh, chilled or frozen This subclass does not include: - edible offal of cattle, cf. 21151",
faostat_qcl,00000868,"Edible offal of cattle, fresh, chilled or frozen","Offals, cattle","Edible offal of cattle, fresh, chilled or frozen This subclass includes: - edible offal of cattle, animals of subclass 02111, fresh, chilled or frozen This subclass does not include: - edible offal of buffalo, cf. 21152",
faostat_qcl,00001018,"Edible offal of goat, fresh, chilled or frozen","Offals, goats","Edible offal of goat, fresh, chilled or frozen This subclass includes: - edible offal of goat, animals of subclass 02123, fresh, chilled or frozen",
faostat_qcl,00001036,"Edible offal of pigs, fresh, chilled or frozen","Offals, pigs","Edible offal of pigs, fresh, chilled or frozen This subclass includes: - edible offal of pigs, animals of subclass 02140, fresh, chilled or frozen",
faostat_qcl,00000978,"Edible offal of sheep, fresh, chilled or frozen","Offals, sheep","Edible offal of sheep, fresh, chilled or frozen This subclass includes: - edible offal of sheep, animals of subclass 02122, fresh, chilled or frozen",
faostat_qcl,00001128,"Edible offals of camels and other camelids, fresh, chilled or frozen","Offals, camels","Edible offals of camels and other camelids, fresh, chilled or frozen (Unofficial definition)",
faostat_qcl,00001098,"Edible offals of horses and other equines,  fresh, chilled or frozen","Offals, horses","Edible offals of horses and other equines,  fresh, chilled or frozen (Unofficial definition)",
faostat_qcl,00000399,Eggplants (aubergines),Eggplants,Eggplants (aubergines) This subclass is defined through the following headings/subheadings of the HS 2007: 0709.30.,
faostat_fbsc,00002744,Eggs,All egg products,"Default composition: 916 Egg albumine, 1062 Eggs, hen, in shell, 1063 Eggs, liquid, 1064 Eggs, dried, 1091 Eggs, other bird, in shell",
faostat_fbsc,00002949,Eggs,,,
faostat_qcl,00001783,Eggs Primary,Eggs,"Eggs and Egg products. Egg production by type of poultry should refer to the total production of eggs in the shell by all types of hens in both the traditional sector (individually owned small flocks) and the modern sector (large-scale, intensive commercial poultry farms).Total productions include eggs for hatching but exclude waste of farms. Countries should report in terms of both numbers and weight.FAO lists seven egg and egg products items, including four primary and three processed products.",
faostat_qcl,00001091,"Eggs from other birds in shell, fresh, n.e.c.",Eggs from other birds (excl. hens),"Eggs from other birds in shell, fresh, n.e.c.",
faostat_qcl,00001129,Fat of camels,"Fat, camels",Unrendered slaughter fats (Unofficial definition),
faostat_qcl,00001037,Fat of pigs,"Fat, pigs","Unrendered slaughter fats of pigs, including edible and inedible fats that are removed in the course of dressing the carcass. (Unofficial definition)",
faostat_fbsc,00002737,"Fats, Animals, Raw",Animal fats,"Default composition: 869 Fat, cattle, 871 Fat, cattle butcher, 949 Fat, buffaloes, 979 Fat, sheep, 994 Grease incl. lanolin wool, 1019 Fat, goats, 1037 Fat, pigs, 1040 Fat, pig butcher, 1043 Lard, 1065 Fat, poultry, 1066 Fat, poultry, rendered, 1129 Fat, camels, 1160 Fat, other camelids, 1168 Oils, fats of animal nes, 1221 Lard stearine oil, 1222 Degras, 1225 Tallow, 1243 Fat, nes, prepared",
faostat_fbsc,00002960,"Fish, Seafood",Fish and seafood,,
faostat_qcl,00000773,"Flax, processed but not spun",Flax fibre,"Broken, scutched, hackled etc. but not spun. Traditionally, FAO has used this commodity to identify production in its raw state; in reality, the primary agricultural product is the commodity 01929.01 (Flax, raw or retted) which can either be used for the production of fibre or for other purposes (Unofficial definition)",
faostat_qcl,00001738,Fruit Primary,Fruit,"Fruit Crops consist of fruits and berries that, with few exceptions, are characterized by their sweet taste. Nearly all are permanent crops, mainly from trees, bushes and shrubs, as well as vines and palms. Fruits and berries grow on branches, stalks or the trunks of plants, usually singly, but sometimes grouped in bunches or clusters (e.g. bananas and grapes). Commercial crops are cultivated in plantations, but significant quantities of fruits are also collected from scattered plants that may or may not be cultivated. Although melons and watermelons are generally considered to be fruits, FAO groups them with vegetables because they are temporary crops. Fruit crops are highly perishable. Their shelf life may be extended through the application of chemical substances that inhibit the growth of micro-organisms and through careful control of the surrounding temperature, pressure and humidity once the fruit has been picked. Fruits and berries have a very high water content accounting for some 70- 90 percent of their weight. They contain, in various degrees, minerals, vitamins and organic acids, some of which reside in the peel or skin. Some fruits have a high fibre content and other inedible components, so that wastage is high, e.g. 60 percent for passion fruit and 35-45 percent for pineapples. The waste in temperate zone fruit is lower, generally of the order of 10-15 percent, while berries contain very little waste. The carbohydrate content of fruits varies widely. Protein content is very low, averaging less than 1 percent, or below that in vegetables. Fat content in fruit is negligible, with the notable exception of avocados. Fruit crops are consumed directly as food and are processed into dried fruit, fruit juice, canned fruit, frozen fruit, jam, alcoholic beverages, etc. Fruit crops are not normally grown for animal feed, although significant quantities of diseased and substandard fruits, as well as certain by-products of the fruit processing industry, are fed to animals. Production data for fruit crops should relate to fruits actually harvested. Data on bananas and plantains should relate to the weight of single bananas or banana hands, excluding the weight of the central stalk. FAO lists 36 primary fruit crops.",
faostat_fbsc,00002919,Fruits - Excluding Wine,Fruit,,
faostat_qcl,00001163,"Game meat, fresh, chilled or frozen","Meat, game","Meat and offals of wild animals, whether fresh, chilled or frozen. (Unofficial definition)",
faostat_qcl,00001019,"Goat fat, unrendered","Fat, goats","Goat fat, unrendered This subclass includes: - fat from goats, animals of subclass 02123, unrendered This subclass does not include: -  tallow, fat from goats, rendered, cf. 21523 -  marrow, bone or foot oil and their fractions, from goats, cf. 21529",
faostat_fbsc,00002901,Grand Total,Total,,
faostat_fbsc,00002613,Grapefruit and products,Grapefruit,"Default composition: 507 Grapefruit (inc. pomelos), 509 Juice, grapefruit, 510 Juice, grapefruit, concentrated",
faostat_qcl,00000560,Grapes,,Grapes This subclass is defined through the following headings/subheadings of the HS 2007: 0806.10.,
faostat_qcl,00000446,Green corn (maize),Green maize,"Green corn (maize), species of Zea mays, particularly var. Saccharata, includes maize harvested green for food. Saccharata variety is commonly known as sweet corn, whether or not in the cob. (Unofficial definition)",
faostat_qcl,00000406,Green garlic,Garlic,Green garlic This subclass is defined through the following headings/subheadings of the HS 2007: 0703.20.,
faostat_fbsc,00002572,Groundnut Oil,Groundnut oil,"Default composition: 244 Oil, groundnut",
faostat_qcl,00000244,Groundnut oil,Groundnut oil,Groundnut oil,
faostat_fbsc,00002552,Groundnuts,,"Default composition: 242 Groundnuts, with shell, 243 Groundnuts, shelled, 246 Groundnuts, prepared, 247 Peanut butter",
faostat_qcl,00000242,"Groundnuts, excluding shelled",Groundnuts,"Groundnuts, excluding shelled",
faostat_qcl,00000225,"Hazelnuts, in shell",Hazelnuts,"Hazelnuts, in shell This subclass is defined through the following headings/subheadings of the HS 2007: 0802.21.",
faostat_qcl,00000336,Hempseed,,"Hempseed, species of Cannabis sativa, is an annual herbaceous that is cultivated for its fibre as well as its oil. In major producing countries oil is extracted from the seeds. (Unofficial definition)",
faostat_qcl,00001062,"Hen eggs in shell, fresh",Eggs from hens,"Hen eggs in shell, fresh",
faostat_fbsc,00002745,Honey,,"Default composition: 1182 Honey, natural",
faostat_qcl,00001097,"Horse meat, fresh or chilled","Meat, horse","Horse meat, fresh or chilled (Unofficial definition)",
faostat_qcl,00000780,"Jute, raw or retted",Jute,"White jute (Corchorus capsularis); red jute, tossa (C. olitorius)	  Trade data cover raw or processed jute (but not spun), tow and waste, yarn waste and garnetted stock and may include jute-like fibres. (Unofficial definition)",
faostat_qcl,00000263,Karite nuts (sheanuts),Karite nuts,"Karite nuts (sheanuts), species of Butyrospermum parkii, includes only the nut contained in the fruit although the pulp around the nut is also edible. (Unofficial definition)",
faostat_qcl,00000592,Kiwi fruit,Kiwi,Kiwi fruit This subclass is defined through the following headings/subheadings of the HS 2007: 0810.50.,
faostat_qcl,00000224,Kola nuts,,"Kola nuts, species of Cola nitida; Cola vera; Cola acuminata (kola, cola, Sudan cola nut), produced mainly in Africa. Kola nuts, containing 2.4 to 2.6% caffeine, are commonly chewed by the local population. Much used in Europe and America in the production of beverages. (Unofficial definition)",
faostat_qcl,00000407,Leeks and other alliaceous vegetables,Leeks,Leeks and other alliaceous vegetables This subclass is defined through the following headings/subheadings of the HS 2007: 0703.90.,
faostat_qcl,00000497,Lemons and limes,,"Lemons and limes This subclass includes: - lemons, fruit of Citrus limon - limes, fruit of Citrus aurantifolia and Citrus latifolia This subclass does not include: - citrons, cf. 01329",
faostat_fbsc,00002612,"Lemons, Limes and products",Lemons and limes,"Default composition: 497 Lemons and limes, 498 Juice, lemon, single strength, 499 Juice, lemon, concentrated",
faostat_qcl,00000201,"Lentils, dry",Lentils,"Lentils, dry This subclass is defined through the following headings/subheadings of the HS 2007: 0713.40.",
faostat_qcl,00000372,Lettuce and chicory,Lettuce,Lettuce and chicory This subclass is defined through the following headings/subheadings of the HS 2007: 0705.,
faostat_qcl,00000333,Linseed,,Linseed This subclass is defined through the following headings/subheadings of the HS 2007: 1204.,
faostat_qcl,00000056,Maize (corn),Maize,Maize (corn) This class includes: -  maize harvested for their dry grains only,
faostat_fbsc,00002582,Maize Germ Oil,Maize oil,"Default composition: 60 Oil, maize",
faostat_fbsc,00002514,Maize and products,Maize,"Default composition: 56 Maize, 57 Germ, maize, 58 Flour, maize, 59 Bran, maize, 63 Gluten, maize, 64 Starch, maize, 846 Feed and meal, gluten",
faostat_qcl,00000571,"Mangoes, guavas and mangosteens",Mangoes,"Mangoes, guavas and mangosteens This subclass includes: -  mangoes, fruit of Mangifera indica - guavas,  fruit  of  the  trees  of  the  genus Psidium,  in  particular Psidium  cattleianum  and Psidium guajava -  mangosteens, Garcinia mangostana",
faostat_qcl,00001242,Margarine and shortening,Margarine,"Margarine is made principally from one or more hydrogenated vegetable or animal fats or oils in which is dispersed an aqueous potion containing milk products, salt, flavouring agents and other additives. Shortening is a product similar to margarine, but with a higher animal fat content. Shortening and compound fats are used primarily for baking and frying. The fat content of margarine and shortening varies from 70 to 90% (Unofficial definition)",
faostat_fbsc,00002943,Meat,"Meat, total",,
faostat_qcl,00001108,"Meat of asses, fresh or chilled","Meat, ass","Meat of asses, fresh or chilled (Unofficial definition)",
faostat_qcl,00000947,"Meat of buffalo, fresh or chilled","Meat, buffalo","Meat of buffalo, fresh or chilled This subclass includes: -  meat of buffalo, animals of subclass 02112, fresh or chilled This subclass does not include: -  meat of buffalo, frozen, cf. 21132 - edible offal of buffalo, cf. 21152",
faostat_qcl,00001127,"Meat of camels, fresh or chilled","Meat, camel","Meat of camels, fresh or chilled (Unofficial definition)",
faostat_qcl,00001058,"Meat of chickens, fresh or chilled","Meat, chicken","Meat of chickens, fresh or chilled This subclass includes: -  meat of chickens, Gallus domesticus, birds of subclass 02151, fresh or chilled This subclass does not include: -  meat of chickens, frozen, cf. 21141 - edible offal of chicken, cf. 21160",
faostat_qcl,00001069,"Meat of ducks, fresh or chilled","Meat, duck","Meat of ducks, fresh or chilled This subclass includes: -  meat of ducks, birds of subclass 02154, fresh or chilled This subclass does not include: -  meat of ducks, frozen, cf. 21142 - fatty liver of duck, cf. 21160 - edible offal of duck, cf. 21160",
faostat_qcl,00001073,"Meat of geese, fresh or chilled","Meat, goose and guinea fowl","Meat of geese, fresh or chilled This subclass includes: -  meat of geese, birds of subclass 02153, fresh or chilled This subclass does not include: -  meat of geese, frozen, cf. 21143 - fatty liver of geese, cf. 21160 - edible offal of geese, cf. 21160",
faostat_qcl,00001017,"Meat of goat, fresh or chilled","Meat, goat","Meat of goat, fresh or chilled This subclass includes: -  meat of goat, animals of subclass 02123, fresh or chilled This subclass does not include: -  meat of goat, frozen, cf. 21136 - edible offal of goat, cf. 21156",
faostat_qcl,00001111,"Meat of mules, fresh or chilled","Meat, mule","Meat of mules, fresh or chilled (Unofficial definition)",
faostat_qcl,00001035,"Meat of pig with the bone, fresh or chilled","Meat, pig","Meat, with the bone in, of domestic or wild pigs (e.g. wild boars), whether fresh or chilled. (Unofficial definition)",
faostat_qcl,00001141,"Meat of rabbits and hares, fresh or chilled","Meat, rabbit","Meat of rabbits and hares, fresh or chilled This subclass includes: -  meat of rabbits and hares, animals of subclass 0219 1, fresh or chilled This subclass does not include: -  meat of rabbits and hares, frozen, cf. 21134 - edible offal of rabbits and hares, cf. 21159",
faostat_qcl,00000977,"Meat of sheep, fresh or chilled","Meat, lamb and mutton","Meat of sheep, fresh or chilled This subclass is defined through the following headings/subheadings of the HS 2007: 0204.10 - .23.",
faostat_qcl,00001080,"Meat of turkeys, fresh or chilled","Meat, turkey","Meat of turkeys, fresh or chilled This subclass includes: -  meat of turkeys, birds of subclass 02152, fresh or chilled This subclass does not include: -  meat of turkeys, frozen, cf. 21144 - edible offal of turkey, cf. 21160",
faostat_qcl,00001808,"Meat, Poultry","Meat, poultry",,
faostat_qcl,00001765,"Meat, Total","Meat, total","FAO defines meat as the flesh of animals used for food. In production data, meat is normally reported inclusive of bone and exclusive of meat that is unfit for human consumption. As reported by individual countries, meat production data may refer either to commercial production (meat entering marketing channels), inspected production (from animals slaughtered under sanitary inspection), or total production (the total of the above- mentioned categories plus slaughter for personal consumption). All FAO annual production data refer to total production.Country statistics on meat production adhere to one or more of the following concepts: 1. Live weight: the weight of the animal immediately before slaughter. 2. Killed weight: the live weight less the uncollected blood lost during slaughter. 3. Dressed carcass weight: weight minus all parts - edible and inedible - that are removed in dressing the carcass. The concept varies widely from country to country and according to the various species of livestock. Edible parts generally include edible offals (head or head meat, tongue, brains, heart, liver, spleen, stomach or tripes and, in a few countries, other parts such as feet, throat and lungs. Slaughter fats (the unrendered fats that fall in the course of dressing the carcasses) are recorded as either edible or inedible according to country practice. Inedible parts generally include hides and skins (except in the case of pigs), as well as hoofs and stomach contents.Meat production data for minor animals (poultry, rabbits, etc.) are reported in one of the following three ways: ready-to-cook weight (giblets are sometimes included and sometimes excluded); eviscerated weight (including the feet and head); or dressed weight, i.e. the live weight less the blood, feathers and skin.FAO data relate to dressed carcass weight for livestock and, wherever possible, ready-to- cook weight for poultry.Among individual countries, one of the following three concepts issued to measure production:A. Production from all animals, of both indigenous and foreign origin, that are slaughtered within national boundaries. B. Production from the slaughter of indigenous animals plus exports of live indigenous animals during the reference period. Derived from meat production as follows: production from slaughtered animals plus the meat equivalent of all animals exported alive, minus the meat equivalent of all animals imported alive. As imports/exports of live animals are recorded by FAO in numbers, not weight, animal type and size are of significance. C. The biological production concept covers indigenous animals that are either slaughtered or exported live, plus net additions to the stock during the reference period. Derived from indigenous productions follows: indigenous production plus (or minus) the meat equivalent of the change in the stock numbers during the reference period. Production is expressed in terms of live weight. Changes in the total live weight of all animals are not taken into account.FAO uses the first concept of meat production in the construction of its food balance sheets and for related indicators. The second concept, indigenous meat production, in measuring the output of the national livestock sector, is useful mainly in the construction of index numbers of agricultural production. The third concept, biological production, would be the most complete as it also reflects changes in the livestock herd, but it is not used because of difficulties in obtaining information from national reporting offices. The prices applied to indigenous meat production are derived from prices of live animals. This covers not only the value of meat, but also the value of offals, fats, hides and skins.",
faostat_qcl,00000299,Melonseed,,"This subclass covers melonseed, species of Cucumis melo. It may include seeds of other Cucurbitaceae (Unofficial definition)",
faostat_fbsc,00002948,Milk - Excluding Butter,Milk,,
faostat_qcl,00001780,"Milk, Total",Milk,"Milk, eggs, honey and beeswax are included as products of live animals. Fibres of animal origin (mainly wool and silk) are included with fibres of vegetal and animal origin. Milk and dairy products. Estimates of milk production as reported by countries refer to one or more of the following three concepts. Gross production is milk production plus milk sucked by young animals. Production available for consumption is net production less milk fed to animals, milk retained by farmers for food and feed, direct sales to consumers and farm waste. The FAO concept relates to net milk production. Data should be reported by kind of milking animal (cow, sheep, goat, etc.) in terms of whole milk and by weight. In most developed countries only 5-10 percent of whole milk is used directly for human consumption. The bulk of milk production is processed before being marketed as liquid milk (e. G. standardized, pasteurized, skimmed, etc.) or is manufactured in to products such as cream, butter, cheese, evaporated and condensed milk, milk powder, casein, yogurt, ice cream, etc. About 70 percent of whole milk is processed into dairy products; the by-products of these processes (e. G. skim milk, buttermilk and whey) are used either for feed or are manufactured into other dairy products, e. G. dry skim milk and low-fat cheese. Processed milk and dairy products are often supplemented with vitamins, mineral and various additives. FAO list 50 milk and dairy product items in the list that follows, of which five are primary products. Some food products containing milk are not listed separately by FAO, e. G. eggnog, sherbet, malted milk, chocolate milk drink and mellorine.",
faostat_qcl,00000079,Millet,,Millet,
faostat_fbsc,00002517,Millet and products,Millet,"Default composition: 79 Millet, 80 Flour, millet, 81 Bran, millet",
faostat_fbsc,00002928,Miscellaneous,Miscellaneous group,,
faostat_qcl,00000103,Mixed grain,Mixed grains,Mixed grains is a mixture of cereal species that are sown and harvested together. It does not include meslin (a mixture wheat/rye) (c.f. 0111). (Unofficial definition),
faostat_qcl,00000165,Molasses,,Molasses This subclass is defined through the following headings/subheadings of the HS 2007: 1703.,
faostat_qcl,00000449,Mushrooms and truffles,Mushrooms,Mushrooms and truffles This subclass is defined through the following headings/subheadings of the HS 2007: 0709.51 - .59.,
faostat_qcl,00000292,Mustard seed,,Mustard seed This subclass is defined through the following headings/subheadings of the HS 2007: 1207.50.,
faostat_fbsc,00002732,Mutton & Goat Meat,"Meat, sheep and goat","Default composition: 977 Meat, sheep, 1017 Meat, goat",
faostat_qcl,00001182,Natural honey,Honey,Natural honey This subclass is defined through the following headings/subheadings of the HS 2007: 0409.,
faostat_fbsc,00002551,Nuts and products,Nuts,"Default composition: 216 Brazil nuts, with shell, 217 Cashew nuts, with shell, 220 Chestnut, 221 Almonds, with shell, 222 Walnuts, with shell, 223 Pistachios, 224 Kola nuts, 225 Hazelnuts, with shell, 226 Areca nuts, 229 Brazil nuts, shelled, 230 Cashew nuts, shelled, 231 Almonds shelled, 232 Walnuts, shelled, 233 Hazelnuts, shelled, 234 Nuts, nes, 235 Nuts, prepared (exc. groundnuts)",
faostat_fbsc,00002516,Oats,,"Default composition: 75 Oats, 76 Oats rolled, 77 Bran, oats",
faostat_qcl,00000075,Oats,,Oats,
faostat_fbsc,00002945,Offals,Offals group,,
faostat_fbsc,00002736,"Offals, Edible",Offals,"Default composition: 868 Offals, edible, cattle, 878 Liver prep., 948 Offals, edible, buffaloes, 978 Offals, sheep,edible, 1018 Offals, edible, goats, 1036 Offals, pigs, edible, 1059 Offals, liver chicken, 1074 Offals, liver geese, 1075 Offals, liver duck, 1081 Offals, liver turkeys, 1098 Offals, horses, 1128 Offals, edible, camels, 1159 Offals, other camelids, 1167 Offals, nes",
faostat_qcl,00000334,Oil of linseed,Linseed oil,Obtained by pressure extraction. Used mainly in non-food items (Unofficial definition),
faostat_qcl,00000060,Oil of maize,Maize oil,Extracted from germ by pressure or by solvents (Unofficial definition),
faostat_qcl,00000258,Oil of palm kernel,Palm kernel oil,Obtained from the kernel of the nut of the fruits of the oil palm by pressure in two or three stages at different temperatures. Including oil of babassu kernels (Unofficial definition),
faostat_qcl,00000290,Oil of sesame seed,Sesame oil,Obtained by pressure extraction in two or three stages at different temperatures. Sometimes the oil is also extracted by solvent from the residue of the pressure extraction. Used mainly for food (Unofficial definition),
faostat_qcl,00000254,Oil palm fruit,Palm fruit oil,"This subclass covers oil palm fruit, species of Elaeis guineensis. The oil palm produces bunches containing a large number of fruits with the fleshy mesocarp enclosing a kernel that is covered by a very hard shell. FAO considers palm oil (coming from the pulp) and palm kernels as primary products. The oil extraction rate from a bunch varies from 17 to 27% for palm oil, and from 4 to 10% for palm kernels. (Unofficial definition)",
faostat_fbsc,00002913,Oilcrops,,,
faostat_qcl,00001841,"Oilcrops, Cake Equivalent",,,
faostat_qcl,00001732,"Oilcrops, Oil Equivalent",,"Oil-Bearing Crops or Oil Crops include both annual (usually called oilseeds) and perennial plants whose seeds, fruits or mesocarp and nuts are valued mainly for the edible or industrial oils that are extracted from them. Dessert and table nuts, although rich in oil, are listed under Nuts (see Chapter .). Annual oilseed plants tha are either harvested green or are used for grazing and for green manure are included with Fodder Crops (see Chapter 11.). Some of the crops included in this chapter are also fibre crops in that both the seeds and the fibres are harvested from the same plant. Such crops include: coconuts, yielding coir from the mesocarp; kapok fruit; seed cotton; linseed; and hempseed. In the case of several other crops, both the pulp of the fruit and the kernels are used for oil. The main crops of this type are oil-palm fruit and tallow tree seeds. Production data are reported in terms of dry products as marketed. Exceptions to this general rule include: groundnuts, which are reported as groundnuts in the shell; coconuts, which are reported on the basis of the weight of the nut including the woody shell, but excluding the fibrous outer husk; and palm oil, which is reported in terms of oil, by weight. Because of the very different nature of the various oil crops, the primary products cannot be aggregated in their natural weight to obtain total oil crops. For this reason, FAO converts the crops to either an oil equivalent or an oilcake equivalent before aggregating them. Only 5-6 percent of the world production of oil crops is used for seed (oilseeds) and animal feed, while about 8 percent is used for food. The remaining 86 percent is processed into oil. The fat content of oil crops varies widely. Fat content ranges from as low as 10-15 percent of the weight of coconuts to over 50 percent of the weight of sesame seeds and palm kernels. Carbohydrates, mainly polysaccharides, range from 15 to 30 percent in the oilseeds, but are generally lower in other oil-bearing crops. The protein content is very high in soybeans, at up to 40 percent, but is much lower in many other oilseeds, at 15-25 percent, and is lower still in some other oil-bearing crops.",
faostat_qcl,00000430,Okra,,"Okra, species of Abelmoschus esculentus and Hibiscus esculentus, also called gombo, fresh or chilled. (Unofficial definition)",
faostat_fbsc,00002580,Olive Oil,Olive oil,"Default composition: 261 Oil, olive, virgin, 274 Oil, olive residues",
faostat_qcl,00000261,Olive oil,Olive oil,Olive oil,
faostat_qcl,00000260,Olives,,"Olives This subclass includes: - olives, Olea europaea",
faostat_fbsc,00002563,Olives (including preserved),Olives,"Default composition: 260 Olives, 262 Olives preserved",
faostat_fbsc,00002602,Onions,,"Default composition: 403 Onions, dry",
faostat_qcl,00000403,"Onions and shallots, dry (excluding dehydrated)",Onions,"Onions and shallots, dry (excluding dehydrated), species of Allium cepa, includes onions at a mature stage, but not dehydrated onions. (Unofficial definition)",
faostat_qcl,00000490,Oranges,,"Oranges This subclass includes: - oranges, Citrus sirensis -  bitter oranges, Citrus aurantium This subclass does not include: -  bergamots, cf. 01329 - chinottos, cf. 01329",
faostat_fbsc,00002611,"Oranges, Mandarines",Oranges,"Default composition: 490 Oranges, 491 Juice, orange, single strength, 492 Juice, orange, concentrated, 495 Tangerines, mandarins, clementines, satsumas, 496 Juice, tangerine",
faostat_qcl,00000414,"Other beans, green","Beans, green","Other beans, green, species of Phaseolus spp. And Vigna spp., for shelling, fresh or chilled.  (Unofficial definition)",
faostat_qcl,00000821,"Other fibre crops, raw, n.e.c.",Fibre crops,"Including inter alia: alfa, esparto (Lygeum spartum; Stipa tenacissima); bowstring hemp (Sansevieria spp.); caroa (Neoglaziovia variegata); fuque fibre (Furcraea macrophylla); Mauritius hemp (F. gigantea); New Zealand flax (Phormium tenax); palma ixtle (Samuela carnerosana)	  Other fibres that are not identified separately because of their minor relevance at the international level. Because of their limited local importance, some countries report vegetable fibres under this commodity heading that are classified individually by FAO. The fibre is obtained from the leaves, stalks or fruit of the plant. In instances where the fibrous part is normally used for other purposes, data cover only those fibres intended for spinning.  (Unofficial definition)",
faostat_qcl,00000256,Palm kernels,,"Palm kernels are the Seeds of the oil palm.  Babassu kernels, species of Orbignya speciosa, are often reported as palm kernels. (Unofficial definition)",
faostat_fbsc,00002562,Palm kernels,,"Default composition: 254 Oil, palm fruit, 256 Palm kernels",
faostat_qcl,00000257,Palm oil,Palm oil,Palm oil,
faostat_fbsc,00002576,Palmkernel Oil,Palm kernel oil,"Default composition: 258 Oil, palm kernel",
faostat_qcl,00000600,Papayas,,Papayas This subclass is defined through the following headings/subheadings of the HS 2007: 0807.20.,
faostat_qcl,00000534,Peaches and nectarines,,Peaches and nectarines This subclass is defined through the following headings/subheadings of the HS 2007: 0809.30.,
faostat_qcl,00000521,Pears,,"Pears, species of Pyrus communis, for beverages production (e.g. perry), dessert or industrial purposes (e.g. production of paste, jam or jelly, and pectin). (Unofficial definition)",
faostat_fbsc,00002547,Peas,"Peas, dry","Default composition: 187 Peas, dry",
faostat_qcl,00000187,"Peas, dry",,"Peas, dry This subclass is defined through the following headings/subheadings of the HS 2007: 0713.10.",
faostat_qcl,00000417,"Peas, green",,"Peas, green This subclass is defined through the following headings/subheadings of the HS 2007: 0708.10.",
faostat_fbsc,00002640,Pepper,,Default composition: 687 Pepper (piper spp.),
faostat_qcl,00000687,"Pepper (Piper spp.), raw",Pepper,"Pepper (Piper spp.), raw This subclass is defined through the following headings/subheadings of the HS 2007: 0904.11.",
faostat_qcl,00000197,"Pigeon peas, dry",Pigeon peas,"Pigeon peas, dry This subclass is defined through the following headings/subheadings of the HS 2007: 0713.60.",
faostat_fbsc,00002733,Pigmeat,"Meat, pig","Default composition: 1035 Meat, pig, 1038 Meat, pork, 1039 Bacon and ham, 1041 Meat, pig sausages, 1042 Meat, pig, preparations",
faostat_fbsc,00002641,Pimento,Chillies and peppers,"Default composition: 689 Chillies and peppers, dry",
faostat_qcl,00000574,Pineapples,,"Pineapples This subclass includes: -  pineapples, Ananas comosus",
faostat_fbsc,00002618,Pineapples and products,Pineapples,"Default composition: 574 Pineapples, 575 Pineapples canned, 576 Juice, pineapple, 580 Juice, pineapple, concentrated",
faostat_qcl,00000223,"Pistachios, in shell",Pistachios,"Pistachios, in shell This subclass includes: -  pistachios, seeds from the fruit of Pistacia vera",
faostat_fbsc,00002616,Plantains,,Default composition: 489 Plantains,
faostat_qcl,00000489,Plantains and cooking bananas,Plantains,"Plantains and cooking bananas This subclass includes: -  plantains - cooking bananas, Musa paradisiaca, i.e. bananas that need to be prepared (cooked or boiled) for consumption This subclass does not include: - sweet/dessert bananas, Musa sapientum, M. cavendishii, M. nana, cf. 01312",
faostat_qcl,00000536,Plums and sloes,Plums,Plums and sloes This subclass is defined through the following headings/subheadings of the HS 2007: 0809.40.,
faostat_qcl,00000507,Pomelos and grapefruits,Grapefruit,"Pomelos and grapefruits This subclass includes: - grapefruits, fruit of the grapefruit tree, Citrus paradisi -  pomelos, shaddocks, Citrus maxima, or Citrus grandis",
faostat_qcl,00000296,Poppy seed,Poppy seeds,Poppy seed This subclass is defined through the following headings/subheadings of the HS 2007: 1207.91.,
faostat_qcl,00000116,Potatoes,,Potatoes This subclass is defined through the following headings/subheadings of the HS 2007: 0701.,
faostat_fbsc,00002531,Potatoes and products,Potatoes,"Default composition: 116 Potatoes, 117 Flour, potatoes, 118 Potatoes, frozen, 119 Starch, potatoes, 121 Tapioca, potatoes",
faostat_qcl,00002029,Poultry Birds,Poultry,,
faostat_fbsc,00002734,Poultry Meat,"Meat, poultry","Default composition: 1058 Meat, chicken, 1060 Fat, liver prepared (foie gras), 1061 Meat, chicken, canned, 1069 Meat, duck, 1073 Meat, goose and guinea fowl, 1080 Meat, turkey",
faostat_fbsc,00002911,Pulses,,,
faostat_qcl,00001726,"Pulses, Total",Pulses,"Pulses are annual leguminous crops yielding from one to 12 grains or seeds of variable size, shape and color within a pod. They are used for both food and feed. The term ""pulses"" is limited to crops harvested solely for dry grain, thereby excluding crops harvested green for food (green peas, green beans, etc.) which are classified as vegetable crops. Also excluded are those crops used mainly for oil extraction (e.g. soybean and groundnuts) and leguminous crops (e.g. seeds of clover and alfalfa) that are used exclusively for sowing purposes. In addition to their food value, pulses also play an important role in cropping systems because of their ability to produce nitrogen and thereby enrich the soil. Pulses contain carbohydrates, mainly starches (55-65 percent of the total weight); proteins, including essential amino acids (18-25 percent, and much higher than cereals); and fat (1 - 4 percent). The remainder consists of water and inedible substances. Production data should be reported in terms of dry clean weight, excluding the weightof the pods. Certain kinds of pulses can be skinned and partially crushed or split toremove the seed-coat, but the resulting products are still considered raw for classification purposes. FAO covers 11 primary pulses. Each is listed below, along with its code, its botanical name, or names, and a short description. Only two processed products are included in the FAO list, namely flour of pulses and bran of pulses.",
faostat_qcl,00000092,Quinoa,,Quinoa This subclass is defined through the following headings/subheadings of the HS 2007: 1008.50.,
faostat_qcl,00001140,Rabbits and hares,Rabbits,"Rabbits and hares This subclass includes: -  rabbits, Oryctolagus cuniculus -  hares, species of Lepus",
faostat_qcl,00000270,Rape or colza seed,Rapeseed,Rape or colza seed This subclass is defined through the following headings/subheadings of the HS 2007: 1205.,
faostat_qcl,00000271,"Rapeseed or canola oil, crude",Rapeseed oil,Obtained by pressure extraction for food use. Oil recovered with solvent from the residues of the pressure extraction is used for industrial purposes. Canola oil is produced from new varieties of rapeseed (Unofficial definition),
faostat_qcl,00000547,Raspberries,,"This subclass covers raspberries, species of Rubus idaeus.",
faostat_qcl,00000162,Raw cane or beet sugar (centrifugal only),Sugar (raw),The sum of codes 23511.01 and 23512. Processed further to obtain refined sugar (Unofficial definition),
faostat_qcl,00000957,Raw hides and skins of buffaloes,Buffalo hides,Green hide or skin as removed from the carcass of the animal. Used for production data only. Both adult and young animals. (Unofficial definition),
faostat_qcl,00000919,Raw hides and skins of cattle,Cattle hides,Green hide or skin as removed from the carcass of the animal. Used for production data only. (Unofficial definition),
faostat_qcl,00001025,Raw hides and skins of goats or kids,"Skins, goat","Raw hides and skins of goats or kids This subclass includes: -  raw hides and skins (fresh or preserved, but not further prepared) of goats and kids, animals of subclass 02123",
faostat_qcl,00000995,Raw hides and skins of sheep or lambs,"Skins, sheep",Raw hides and skins of sheep or lambs This subclass is defined through the following headings/subheadings of the HS 2007: 4102.,
faostat_qcl,00001186,Raw silk (not thrown),Silk,Raw silk (not thrown) This subclass is defined through the following headings/subheadings of the HS 2007: 5002.,
faostat_qcl,00000027,Rice,Rice,Rice,
faostat_fbsc,00002807,Rice and products,Rice,"Default composition: 27 Rice, paddy, 28 Rice, husked, 29 Rice, milled/husked, 31 Rice, milled, 32 Rice, broken, 33 Gluten, rice, 34 Starch, rice, 35 Bran, rice, 38 Flour, rice",
faostat_qcl,00001720,"Roots and Tubers, Total",Roots and tubers,"Roots and Tubers are plants yielding starchy roots, tubers, rhizomes, corms and stems. They are used mainly for human food (as such or in processed form), for animal feed and for manufacturing starch, alcohol and fermented beverages including beer. The denomination ""roots and tubers"" excludes crops which are cultivated mainly for feed (mangolds, swedes) or for processing into sugar (sugar beets), and those classified as ""roots, bulb and tuberous vegetables"" (onions, garlic and beets). It does include starch and the starchy pith and flour obtained from the trunk of the sago palm and the stem of the Abyssinian banana (Musa ensete). Certain root crops, notably bitter cassava, contain toxic substances, particularly in the skins. As a result, certain processes must be undertaken to make the product safe for human consumption. Apart from their high water content (70-80 percent), these crops contain mainly carbohydrates (largely starches that account for 16-24 percent of their total weight) with very little protein and fat (0-2 percent each). Methods of propagating root crops vary. A live potato tuber or seed must be planted but only part of the live yam tuber and a piece of the stalk (not the root) in the case of cassava. Production data of root crops should be reported in terms of clean weight, i.e. free of earth and mud. FAO distinguishes among seven primary root and tuber crops. The code and name of each one appears in the list that follows, along with its botanical name, or names, and a short description. The processed products of roots and tubers are listed together with their parent primary crops.",
faostat_qcl,00000071,Rye,,Rye,
faostat_fbsc,00002515,Rye and products,Rye,"Default composition: 71 Rye, 72 Flour, rye, 73 Bran, rye",
faostat_qcl,00000280,Safflower seed,,"Safflower seed This subclass includes: - safflower seed, Carthamus tinctorius",
faostat_qcl,00000281,"Safflower-seed oil, crude",Safflower oil,Obtained either by pressure or by solvent. Has both food and industrial uses (Unofficial definition),
faostat_qcl,00000328,"Seed cotton, unginned",Seed cotton,"Unginned cotton, Gossypium spp.  Grown for both seed and for fibre. FAO considers cottonseed, cotton lint and linters to be primary products. Lint content ranges from 30 to 40%, seed 55 to 65%, and linters 2 to 5% though they are not always separated. (Unofficial definition)",
faostat_qcl,00000289,Sesame seed,,Sesame seed This subclass is defined through the following headings/subheadings of the HS 2007: 1207.40.,
faostat_fbsc,00002561,Sesame seed,,Default composition: 289 Sesame seed,
faostat_fbsc,00002579,Sesameseed Oil,Sesame oil,"Default composition: 290 Oil, sesame",
faostat_qcl,00001807,Sheep and Goat Meat,"Meat, sheep and goat",,
faostat_qcl,00001749,Sheep and Goats,Sheep and goats,,
faostat_qcl,00000979,"Sheep fat, unrendered","Fat, sheep","Sheep fat, unrendered This subclass includes: - fat from sheep, animals of subclass 02122, unrendered This subclass does not include: -  tallow, fat from sheep, rendered, cf. 21523 -  marrow, bone or foot oil and their fractions, from sheep, cf. 21529",
faostat_qcl,00000987,"Shorn wool, greasy, including fleece-washed shorn wool",Wool,"Shorn wool, greasy, including fleece-washed shorn wool This subclass is defined through the following headings/subheadings of the HS 2007: 5101.11.",
faostat_qcl,00000083,Sorghum,,Sorghum,
faostat_fbsc,00002518,Sorghum and products,Sorghum,"Default composition: 83 Sorghum, 84 Flour, sorghum, 85 Bran, sorghum",
faostat_qcl,00000237,Soya bean oil,Soybean oil,Soya bean oil,
faostat_qcl,00000236,Soya beans,Soybeans,Soya beans,
faostat_fbsc,00002571,Soyabean Oil,Soybean oil,"Default composition: 237 Oil, soybean",
faostat_fbsc,00002555,Soyabeans,Soybeans,"Default composition: 236 Soybeans, 239 Soya sauce, 240 Soya paste, 241 Soya curd",
faostat_qcl,00000373,Spinach,,Spinach This subclass is defined through the following headings/subheadings of the HS 2007: 0709.70.,
faostat_qcl,00000544,Strawberries,,Strawberries This subclass is defined through the following headings/subheadings of the HS 2007: 0810.10.,
faostat_qcl,00000423,String beans,,"String beans, species of Phaseolus vulgaris. String beans for shelling are excluded. (Unofficial definition)",
faostat_fbsc,00002908,Sugar Crops,Sugar crops,,
faostat_qcl,00001723,Sugar Crops Primary,Sugar crops,"Sugar Crops and Sweeteners and derived products: In addition to providing the source for the manufacture of sugar, SUGAR CROPS are used to produce alcohol and ethanol. In certain countries, sugar cane is eaten raw in minor quantities. It also is used in the preparation of juices and for animal feed. There are two major sugar crops: sugar beets and sugar cane. However, sugar and syrups are also produced from the sap of certain species of maple trees, from sweet sorghum when cultivated explicitly for making syrup and from sugar palm. Sugar beets that are cultivated solely as a fodder crop and red or garden beets that are classified as vegetable crops are excluded from the FAO list of sugar crops. Sugar cane is a perennial grass (replanted at intervals using pieces of the cane stalks) that is cultivated mainly in the tropics. Sugar beet is an annual crop that is propagated by the seeds of the flowers. It is cultivated in cooler climates than sugar cane, mainly above the 35th parallel of the Northern Hemisphere. Both sugar beets and sugar cane have high water content, accounting for about 75 percent of the total weight of the plants. The sugar content of sugar cane ranges from 10 to 15 percent of the total weight, while that of sugar beets is between 13 and 18 percent. The protein and fat content of both beets and cane is almost nil. Production data on sugar beets and sugar cane relate to the harvested crop, free of soil, plant tops and leaves. FAO lists three primary sugar crops. Under the name SWEETENERS, FAO includes products used for sweetening that are derived from sugar crops, cereals, fruits or milk, or that are produced by insects. This category includes a wide variety of monosaccharide (glucose and fructose) and disaccharides (sucrose and saccharose). They exist either in a crystallized state as sugar, or in thick liquid form as syrups. The traditional sources of sugar are sugar cane and sugar beets. But in recent years, ever larger quantities of cereals (mainly maize) have been used to produce sweeteners derived from starch. OTHER DERIVED PRODUCTS. In addition to sugar, molasses is also obtained with various degrees of sugar content. The by-product obtained from the extraction of sugar is called bagasse in the case of sugar cane, and beet pulp in the case of sugar beets.",
faostat_fbsc,00002537,Sugar beet,,Default composition: 157 Sugar beet,
faostat_qcl,00000157,Sugar beet,,Sugar beet This subclass is defined through the following headings/subheadings of the HS 2007: 1212.91.,
faostat_fbsc,00002536,Sugar cane,,Default composition: 156 Sugar cane,
faostat_qcl,00000156,Sugar cane,,"Sugar cane This subclass includes: - sugar cane, Saccharum officinarum",
faostat_fbsc,00002557,Sunflower seed,,Default composition: 267 Sunflower seed,
faostat_qcl,00000267,Sunflower seed,,Sunflower seed This subclass is defined through the following headings/subheadings of the HS 2007: 1206.,
faostat_qcl,00000268,"Sunflower-seed oil, crude",Sunflower oil,Obtained by pressure extraction. Mainly for food use (Unofficial definition),
faostat_fbsc,00002573,Sunflowerseed Oil,Sunflower oil,"Default composition: 268 Oil, sunflower",
faostat_qcl,00000122,Sweet potatoes,,Sweet potatoes This subclass is defined through the following headings/subheadings of the HS 2007: 0714.20.,
faostat_fbsc,00002533,Sweet potatoes,,Default composition: 122 Sweet potatoes,
faostat_qcl,00000495,"Tangerines, mandarins, clementines",Tangerines,"Tangerines, mandarins, clementines This subclass includes: -  tangerines, mandarins and clementines, fruits of Citrus reticulata",
faostat_qcl,00000667,Tea leaves,Tea,"Tea leaves This subclass is defined through the following headings/subheadings of the HS 2007: 0902.20, .40.",
faostat_qcl,00000388,Tomatoes,,Tomatoes This subclass is defined through the following headings/subheadings of the HS 2007: 0702.,
faostat_fbsc,00002601,Tomatoes and products,Tomatoes,"Default composition: 388 Tomatoes, 389 Juice, tomato, concentrated, 390 Juice, tomato, 391 Tomatoes, paste, 392 Tomatoes, peeled",
faostat_fbsc,00002912,Treenuts,,,
faostat_qcl,00001729,"Treenuts, Total",Treenuts,"Tree NUTS are dry fruits or kernels enclosed in woody shells or hard husks, which in turn are generally covered by a thick, fleshy/fibrous outer husk that is removed during harvest. Similar products, such as groundnuts, sunflower seeds and melon seeds, although often used for similar purposes, are included with oil-bearing crops.FAO includes in this group only dessert or table nuts. Nuts that are used mainly for flavouring beverages and masticatory and stimulant nuts should be excluded. An exception is made for areca nuts and kola nuts, which FAO considers to be inedible nuts, but which are included with the nut and derived products group to be consistent with international trade classifications. Nuts used mainly for the extraction of oil or butter, (e.g. sheanuts) as well as nuts contained in other fruits (e.g. peaches) are excluded. It should be noted that some countries report certain nut crops (chestnuts, pignolia nuts) with forestry products. Production data relate to the weight of nuts in the shell or husk, but without the outer husk. The weight of the kernel contained in the nut ranges from as low as 30 percent for cashew nuts to as high as 80 percent in the case of chestnuts. The edible portion of nut kernels is, with the major exception of chestnuts, very rich in fat content at between 50 percent and 65 percent. Protein content makes up 15-20 percent and carbohydrate content is between 10 percent and 15 percent. Starch and saccharose are the main components of dry chestnuts, accounting for about 75 percent. FAO covers ten primary nut crops. Each is listed below along with its code, its botanical name, or names, and a short description. NUT PRODUCTS include shelled nuts, whole or split, and further processed products, including roasted nuts, meal/flour, paste, oil, etc. Nut oils are not separately identified in the FAO classification; instead they are included under the heading ""oil of vegetable origin nes"". The most commonly marketed oils are almon oil and cashew nut oil and its derivative cardol.",
faostat_qcl,00000826,Unmanufactured tobacco,Tobacco,Unmanufactured tobacco This subclass is defined through the following headings/subheadings of the HS 2007: 2401.10.,
faostat_fbsc,00002918,Vegetables,,,
faostat_qcl,00001735,Vegetables Primary,Vegetables,"Vegetables, as classified in this group, are mainly annual plants cultivated as field and garden crops in the open and under glass, and used almost exclusively for food. Vegetables grown principally for animal feed or seed should be excluded. Certain plants, normally classified as cereals and pulses, belong to this group when harvested green, such as green maize, green peas, etc. This grouping differs from international trade classifications for vegetables in that it includes melons and watermelons, which are normally considered to be fruit crops. But, whereas fruit crops are virtually all permanent crops, melons and watermelons are similar to vegetables in that they are temporary crops. Chillies and green peppers are included in this grouping when they are harvested for consumption as vegetables and not processed into spices. FAO production data for green peas and green beans refer to the total weight including pods, although some countries report on a shelled weight basis. The weight of the pods ranges from 40 to 50 percent for peas to up to 70 percent for broad beans. Area data on small vegetable gardens are often omitted in agricultural surveys, although production estimates may be reported. Trade data for fresh vegetables also include chilled vegetables, meaning the temperature of the products has been reduced to around 0C without the products being frozen. Vegetables contain principally water, accounting for between 70 percent and 95 percent of their weight. They are low in nutrients, but contain minerals and vitamins. FAO covers 27 primary vegetable products. Each is listed along with its code, botanical name, or names, and a short description. PRODUCTS DERIVED FROM VEGETABLES refer to processed products. Apart from a few main products, international trade classifications do not permit a sufficiently detailed classification of processed products according to the primary commodity used in the preparation. A similar situation prevails for frozen vegetables.",
faostat_qcl,00000222,"Walnuts, in shell",Walnuts,"Walnuts, in shell This subclass is defined through the following headings/subheadings of the HS 2007: 0802.31.",
faostat_qcl,00000567,Watermelons,,Watermelons This subclass is defined through the following headings/subheadings of the HS 2007: 0807.11.,
faostat_qcl,00000015,Wheat,,Wheat,
faostat_fbsc,00002511,Wheat and products,Wheat,"Default composition: 15 Wheat, 16 Flour, wheat, 17 Bran, wheat, 18 Macaroni, 19 Germ, wheat, 20 Bread, 21 Bulgur, 22 Pastry, 23 Starch, wheat, 24 Gluten, wheat, 41 Cereals, breakfast, 110 Wafers, 114 Mixes and doughs, 115 Food preparations, flour, malt extract",
faostat_qcl,00000900,"Whey, dry",Whey,Used in both food and animal feed (Unofficial definition),
faostat_fbsc,00002655,Wine,,"Default composition: 564 Wine, 565 Vermouths & similar",
faostat_qcl,00000564,Wine,,"Wines of fresh grapes of all qualities, including sparkling, fortified and dessert wines (Unofficial definition)",
faostat_qcl,00000137,Yams,,"Yams This subclass includes: -  yams, tubers from vines of the genus Dioscorea D. batatas D. trifida D. alata D. bulbifera D. rotunda D. cayenensis D. exculenta D. dumetorum This subclass does not include: -  sweet potatoes, cf. 01530",
faostat_fbsc,00002535,Yams,,Default composition: 137 Yams,
