channel,dataset,version
meadow,faostat_ef,2022-05-17
meadow,faostat_ei,2022-05-17
meadow,faostat_ek,2022-05-17
meadow,faostat_el,2022-05-17
meadow,faostat_emn,2022-05-17
meadow,faostat_ep,2022-05-17
meadow,faostat_esb,2022-05-17
meadow,faostat_fa,2022-05-17
meadow,faostat_fbs,2022-05-17
meadow,faostat_fbsh,2022-05-17
meadow,faostat_fo,2022-05-17
meadow,faostat_fs,2022-05-17
meadow,faostat_lc,2022-05-17
meadow,faostat_metadata,2022-05-17
meadow,faostat_qcl,2022-05-17
meadow,faostat_qi,2022-05-17
meadow,faostat_qv,2022-05-17
meadow,faostat_rfb,2022-05-17
meadow,faostat_rfn,2022-05-17
meadow,faostat_rl,2022-05-17
meadow,faostat_rp,2022-05-17
meadow,faostat_rt,2022-05-17
meadow,faostat_scl,2022-05-17
meadow,faostat_sdgb,2022-05-17
meadow,faostat_tcl,2022-05-17
meadow,faostat_ti,2022-05-17
walden,faostat_ef,2022-05-17
walden,faostat_ei,2022-05-17
walden,faostat_ek,2022-05-17
walden,faostat_el,2022-05-17
walden,faostat_emn,2022-05-17
walden,faostat_ep,2022-05-17
walden,faostat_esb,2022-05-17
walden,faostat_fa,2022-05-17
walden,faostat_fbs,2022-05-17
walden,faostat_fbsh,2022-05-17
walden,faostat_fo,2022-05-17
walden,faostat_fs,2022-05-17
walden,faostat_lc,2022-05-17
walden,faostat_metadata,2022-05-17
walden,faostat_qcl,2022-05-17
walden,faostat_qi,2022-05-17
walden,faostat_qv,2022-05-17
walden,faostat_rfb,2022-05-17
walden,faostat_rfn,2022-05-17
walden,faostat_rl,2022-05-17
walden,faostat_rp,2022-05-17
walden,faostat_rt,2022-05-17
walden,faostat_scl,2022-05-17
walden,faostat_sdgb,2022-05-17
walden,faostat_tcl,2022-05-17
walden,faostat_ti,2022-05-17
